{
  "Lilian Weng - Inference Optimization.md": 1776390798.0350168,
  "Ultra-Scale Playbook.md": 1776390695.3230288,
  "ML Engineering Book.md": 1776390790.2790358,
  "ZeRO Paper.md": 1776390745.7230277,
  "NCCL User Guide.md": 1776390771.6190293,
  "PyTorch FSDP Tutorial.md": 1776390757.1550386,
  "Transformer Math 101.md": 1776390709.495043,
  "Illustrated Transformer.md": 1776390717.8870447,
  "Megatron-LM Paper.md": 1776390730.971028,
  "JAX Scaling Book.md": 1776390781.0830348
}